Workbook

Sheet Sponsors
A1: # | B1: Logo | C1: Company | D1: Sponsor Tier | E1: Company Category | F1: Logo URL
A2: 1 | B2: =_xlfn.IMAGE(F2) | C2: Capgemini | D2: Diamond Plus | E2: IT Services & Consulting | F2: https://images.cvent.com/pt/P2/account_24383/event_4f3ddef0-c016-4b24-a0b7-af59053eaafb/4152ee80-6058-4f3e-91e8-d5fbdce18409_34a19b44c496b5e8e10ca0631341b8f5.png
A3: 2 | B3: =_xlfn.IMAGE(F3) | C3: Deloitte | D3: Diamond Plus | E3: Advisory / Professional Services | F3: https://images.cvent.com/pt/P2/account_24383/event_4f3ddef0-c016-4b24-a0b7-af59053eaafb/39cb5a97-b428-4096-8eca-30e879c6c247_Deloitte-Cvent-Logo.png
A4: 3 | B4: =_xlfn.IMAGE(F4) | C4: EY | D4: Diamond Plus | E4: Advisory / Professional Services | F4: https://images.cvent.com/pt/P2/account_24383/event_4f3ddef0-c016-4b24-a0b7-af59053eaafb/047c23fa-e4b6-4b89-a9fa-066d7238002a_f8a89a78cc241222574742fc39554c97.png
A5: 4 | B5: =_xlfn.IMAGE(F5) | C5: PwC | D5: Diamond Plus | E5: Advisory / Professional Services | F5: https://images.cvent.com/pt/P2/account_24383/event_4f3ddef0-c016-4b24-a0b7-af59053eaafb/93e65447-8352-4e94-a8f6-26150299fc1b_pwc-Cvent-Logo.png
A6: 5 | B6: =_xlfn.IMAGE(F6) | C6: One Inc | D6: Diamond | E6: Payments & Billing | F6: https://images.cvent.com/pt/P2/account_24383/event_4f3ddef0-c016-4b24-a0b7-af59053eaafb/02d4b76c-396a-42a7-92dd-d90d7d7787b6_One-Inc-Cvent-Logo.png
A7: 6 | B7: =_xlfn.IMAGE(F7) | C7: Accenture | D7: Platinum | E7: IT Services & Consulting | F7: https://images.cvent.com/pt/P2/account_24383/event_4f3ddef0-c016-4b24-a0b7-af59053eaafb/323fce68-3c3a-4c2f-837e-9022cac19f06_bf299f9eeb59f2846ed454040b5f4b95.png
A8: 7 | B8: =_xlfn.IMAGE(F8) | C8: Alchemy Technology Services | D8: Platinum | E8: Insurance Consulting (Core Systems) | F8: https://images.cvent.com/pt/P2/account_24383/event_4f3ddef0-c016-4b24-a0b7-af59053eaafb/dc6c4a58-74e6-45de-8996-13641b412104_alchemy-blue-cvent-logo.png
A9: 8 | B9: =_xlfn.IMAGE(F9) | C9: Cognizant | D9: Platinum | E9: IT Services & Consulting | F9: https://images.cvent.com/pt/P2/account_24383/event_4f3ddef0-c016-4b24-a0b7-af59053eaafb/1dc35f01-9300-4c45-97ce-5cc1a6b6e66a_cognizant-Cvent-Logo.png
A10: 9 | B10: =_xlfn.IMAGE(F10) | C10: Earnix | D10: Platinum | E10: Insurance Pricing & Rating | F10: https://images.cvent.com/pt/P2/account_24383/event_4f3ddef0-c016-4b24-a0b7-af59053eaafb/74070c04-544a-4add-9d95-fd4b78e9048e_earnix-cvent-logo-1.png
A11: 10 | B11: =_xlfn.IMAGE(F11) | C11: Paymentus | D11: Platinum | E11: Payments & Billing | F11: https://images.cvent.com/pt/P2/account_24383/event_4f3ddef0-c016-4b24-a0b7-af59053eaafb/11722923-e375-494d-aaf3-e3d03a08ea69_Paymentus-Cvent-Logo.png
A12: 11 | B12: =_xlfn.IMAGE(F12) | C12: Smart Communications | D12: Platinum | E12: Customer Engagement & Communications | F12: https://images.cvent.com/pt/P2/account_24383/event_4f3ddef0-c016-4b24-a0b7-af59053eaafb/e9b0964e-2158-4a49-a7a0-95ad514a1aa0_smartcommunications-Cvent-Logo.png
A13: 12 | B13: =_xlfn.IMAGE(F13) | C13: Tata Consultancy Services | D13: Platinum | E13: IT Services & Consulting | F13: https://images.cvent.com/pt/P2/account_24383/event_4f3ddef0-c016-4b24-a0b7-af59053eaafb/2613a099-919b-425e-b8f4-f182af552afc_Tata-Consultancy-Services-Cvent-Logo.png
... A111: 110 | B111: =_xlfn.IMAGE(F111) | C111: Wisedocs USA Inc. | D111: Vanguard | E111: Claims & Risk | F111: https://images.cvent.com/pt/P2/account_24383/event_4f3ddef0-c016-4b24-a0b7-af59053eaafb/a2155620-c27a-426f-ab9e-fb92f7d0fb53_Wisedocs-Cvent-Logo.png

Sheet Summary
A1: Sponsor Summary
A3: Sponsor Tier | B3: Companies | D3: Company Category | E3: Companies | F3: Of which (verify)
A4: Diamond Plus | B4: =COUNTIF(Sponsors!$D$2:$D$111,A4) | D4: Advisory / Professional Services | E4: =COUNTIF(Sponsors!$E$2:$E$111,D4)+COUNTIF(Sponsors!$E$2:$E$111,D4&" (verify)") | F4: =COUNTIF(Sponsors!$E$2:$E$111,D4&" (verify)")
A5: Diamond | B5: =COUNTIF(Sponsors!$D$2:$D$111,A5) | D5: Claims & Risk | E5: =COUNTIF(Sponsors!$E$2:$E$111,D5)+COUNTIF(Sponsors!$E$2:$E$111,D5&" (verify)") | F5: =COUNTIF(Sponsors!$E$2:$E$111,D5&" (verify)")
A6: Platinum | B6: =COUNTIF(Sponsors!$D$2:$D$111,A6) | D6: Cloud & Content Platforms | E6: =COUNTIF(Sponsors!$E$2:$E$111,D6)+COUNTIF(Sponsors!$E$2:$E$111,D6&" (verify)") | F6: =COUNTIF(Sponsors!$E$2:$E$111,D6&" (verify)")
A7: Gold Plus | B7: =COUNTIF(Sponsors!$D$2:$D$111,A7) | D7: Customer Engagement & Communications | E7: =COUNTIF(Sponsors!$E$2:$E$111,D7)+COUNTIF(Sponsors!$E$2:$E$111,D7&" (verify)") | F7: =COUNTIF(Sponsors!$E$2:$E$111,D7&" (verify)")
A8: Gold | B8: =COUNTIF(Sponsors!$D$2:$D$111,A8) | D8: Data, Analytics & AI | E8: =COUNTIF(Sponsors!$E$2:$E$111,D8)+COUNTIF(Sponsors!$E$2:$E$111,D8&" (verify)") | F8: =COUNTIF(Sponsors!$E$2:$E$111,D8&" (verify)")
A9: Silver | B9: =COUNTIF(Sponsors!$D$2:$D$111,A9) | D9: Documents & Workflow | E9: =COUNTIF(Sponsors!$E$2:$E$111,D9)+COUNTIF(Sponsors!$E$2:$E$111,D9&" (verify)") | F9: =COUNTIF(Sponsors!$E$2:$E$111,D9&" (verify)")
A10: Bronze | B10: =COUNTIF(Sponsors!$D$2:$D$111,A10) | D10: Enterprise Software & IT Ops | E10: =COUNTIF(Sponsors!$E$2:$E$111,D10)+COUNTIF(Sponsors!$E$2:$E$111,D10&" (verify)") | F10: =COUNTIF(Sponsors!$E$2:$E$111,D10&" (verify)")
A11: New To Connections | B11: =COUNTIF(Sponsors!$D$2:$D$111,A11) | D11: IT Services & Consulting | E11: =COUNTIF(Sponsors!$E$2:$E$111,D11)+COUNTIF(Sponsors!$E$2:$E$111,D11&" (verify)") | F11: =COUNTIF(Sponsors!$E$2:$E$111,D11&" (verify)")
A12: Vanguard | B12: =COUNTIF(Sponsors!$D$2:$D$111,A12) | D12: Insurance Consulting (Core Systems) | E12: =COUNTIF(Sponsors!$E$2:$E$111,D12)+COUNTIF(Sponsors!$E$2:$E$111,D12&" (verify)") | F12: =COUNTIF(Sponsors!$E$2:$E$111,D12&" (verify)")
A13: Total | B13: =SUM(B4:B12) | D13: Insurance Core, Agency & Distribution Software | E13: =COUNTIF(Sponsors!$E$2:$E$111,D13)+COUNTIF(Sponsors!$E$2:$E$111,D13&" (verify)") | F13: =COUNTIF(Sponsors!$E$2:$E$111,D13&" (verify)")
D14: Insurance Pricing & Rating | E14: =COUNTIF(Sponsors!$E$2:$E$111,D14)+COUNTIF(Sponsors!$E$2:$E$111,D14&" (verify)") | F14: =COUNTIF(Sponsors!$E$2:$E$111,D14&" (verify)")
D15: Insurers & Industry Bodies | E15: =COUNTIF(Sponsors!$E$2:$E$111,D15)+COUNTIF(Sponsors!$E$2:$E$111,D15&" (verify)") | F15: =COUNTIF(Sponsors!$E$2:$E$111,D15&" (verify)")
D16: Payments & Billing | E16: =COUNTIF(Sponsors!$E$2:$E$111,D16)+COUNTIF(Sponsors!$E$2:$E$111,D16&" (verify)") | F16: =COUNTIF(Sponsors!$E$2:$E$111,D16&" (verify)")
D17: Unclassified | E17: =COUNTIF(Sponsors!$E$2:$E$111,D17)+COUNTIF(Sponsors!$E$2:$E$111,D17&" (verify)") | F17: =COUNTIF(Sponsors!$E$2:$E$111,D17&" (verify)")
D18: Total | E18: =SUM(E4:E17) | F18: =SUM(F4:F17)
D20: Categories are Claude's best-guess classification, not from the source page. Rows marked (verify) are low-confidence and should be checked.

Sheet Notes
A1: About this file
A2: Source: sponsor section HTML pasted by the user (Cvent event page). 110 companies across 9 sponsor tiers.
A3: Logo column uses =IMAGE(F#) - logos load from the Logo URL when opened in Excel 365 / Excel 2024 or Google Sheets.
A4: Older Excel versions (2019 and earlier) show #NAME? in the Logo column; use the Logo URL column instead.
A5: If Excel shows a security bar about linked images, click Enable Content so the logos can load.
A6: Company Category is Claude's own classification (not on the source page). '(verify)' marks low-confidence rows.
